product_code,product_name,nav_date,nav,total_nav,income,weekly_rate,fetched_at
产品代码,产品名称,净值日期,单位净值,累计净值,日收益,周收益率,采集时间
019767,景顺长城科创50指数增强A,2024-05-28,1.0000,1.0000,0,,2025-12-18 16:46:10.464
019767,景顺长城科创50指数增强A,2024-05-31,0.9995,0.9995,0,,2025-12-18 16:46:10.464
019767,景顺长城科创50指数增强A,2024-06-07,0.9963,0.9963,0,,2025-12-18 16:46:10.463
019767,景顺长城科创50指数增强A,2024-06-14,1.0180,1.0180,0,,2025-12-18 16:46:10.463
019767,景顺长城科创50指数增强A,2024-06-21,1.0285,1.0285,0,,2025-12-18 16:46:10.463
019767,景顺长城科创50指数增强A,2024-06-28,0.9727,0.9727,0,,2025-12-18 16:46:10.463
019767,景顺长城科创50指数增强A,2024-06-30,0.9727,0.9727,0,0.00%,2025-12-18 16:46:10.463
019767,景顺长城科创50指数增强A,2024-07-05,0.9538,0.9538,0,,2025-12-18 16:46:10.463
019767,景顺长城科创50指数增强A,2024-07-11,0.9784,0.9784,0,,2025-12-18 16:46:10.463
019767,景顺长城科创50指数增强A,2024-07-12,0.9785,0.9785,0,0.01%,2025-12-18 16:46:10.463
019767,景顺长城科创50指数增强A,2024-07-15,0.9744,0.9744,0,-0.42%,2025-12-18 16:46:10.463
019767,景顺长城科创50指数增强A,2024-07-16,0.9935,0.9935,0,1.96%,2025-12-18 16:46:10.463
019767,景顺长城科创50指数增强A,2024-07-17,0.9889,0.9889,0,-0.46%,2025-12-18 16:46:10.463
019767,景顺长城科创50指数增强A,2024-07-18,0.9965,0.9965,0,0.77%,2025-12-18 16:46:10.463
019767,景顺长城科创50指数增强A,2024-07-19,1.0129,1.0129,0,1.65%,2025-12-18 16:46:10.463
019767,景顺长城科创50指数增强A,2024-07-22,1.0169,1.0169,0,0.39%,2025-12-18 16:46:10.462
019767,景顺长城科创50指数增强A,2024-07-23,0.9754,0.9754,0,-4.08%,2025-12-18 16:46:10.462
019767,景顺长城科创50指数增强A,2024-07-24,0.9652,0.9652,0,-1.05%,2025-12-18 16:46:10.462
019767,景顺长城科创50指数增强A,2024-07-25,0.9647,0.9647,0,-0.05%,2025-12-18 16:46:10.098
019767,景顺长城科创50指数增强A,2024-07-26,0.9724,0.9724,0,0.80%,2025-12-18 16:46:10.098
019767,景顺长城科创50指数增强A,2024-07-29,0.9571,0.9571,0,-1.57%,2025-12-18 16:46:10.098
019767,景顺长城科创50指数增强A,2024-07-30,0.9592,0.9592,0,0.22%,2025-12-18 16:46:10.098
019767,景顺长城科创50指数增强A,2024-07-31,1.0014,1.0014,0,4.40%,2025-12-18 16:46:10.098
019767,景顺长城科创50指数增强A,2024-08-01,0.9957,0.9957,0,-0.57%,2025-12-18 16:46:10.098
019767,景顺长城科创50指数增强A,2024-08-02,0.9783,0.9783,0,-1.75%,2025-12-18 16:46:10.098
019767,景顺长城科创50指数增强A,2024-08-05,0.9504,0.9504,0,-2.85%,2025-12-18 16:46:10.098
019767,景顺长城科创50指数增强A,2024-08-06,0.9615,0.9615,0,1.17%,2025-12-18 16:46:10.098
019767,景顺长城科创50指数增强A,2024-08-07,0.9547,0.9547,0,-0.71%,2025-12-18 16:46:10.098
019767,景顺长城科创50指数增强A,2024-08-08,0.9571,0.9571,0,0.25%,2025-12-18 16:46:10.098
019767,景顺长城科创50指数增强A,2024-08-09,0.9535,0.9535,0,-0.38%,2025-12-18 16:46:10.097
019767,景顺长城科创50指数增强A,2024-08-12,0.9567,0.9567,0,0.34%,2025-12-18 16:46:10.097
019767,景顺长城科创50指数增强A,2024-08-13,0.9610,0.9610,0,0.45%,2025-12-18 16:46:10.097
019767,景顺长城科创50指数增强A,2024-08-14,0.9482,0.9482,0,-1.33%,2025-12-18 16:46:10.097
019767,景顺长城科创50指数增强A,2024-08-15,0.9551,0.9551,0,0.73%,2025-12-18 16:46:10.097
019767,景顺长城科创50指数增强A,2024-08-16,0.9539,0.9539,0,-0.13%,2025-12-18 16:46:10.097
019767,景顺长城科创50指数增强A,2024-08-19,0.9529,0.9529,0,-0.10%,2025-12-18 16:46:10.097
019767,景顺长城科创50指数增强A,2024-08-20,0.9405,0.9405,0,-1.30%,2025-12-18 16:46:10.097
019767,景顺长城科创50指数增强A,2024-08-21,0.9404,0.9404,0,-0.01%,2025-12-18 16:46:10.097
019767,景顺长城科创50指数增强A,2024-08-22,0.9344,0.9344,0,-0.64%,2025-12-18 16:46:09.640
019767,景顺长城科创50指数增强A,2024-08-23,0.9335,0.9335,0,-0.10%,2025-12-18 16:46:09.639
019767,景顺长城科创50指数增强A,2024-08-26,0.9284,0.9284,0,-0.55%,2025-12-18 16:46:09.639
019767,景顺长城科创50指数增强A,2024-08-27,0.9169,0.9169,0,-1.24%,2025-12-18 16:46:09.639
019767,景顺长城科创50指数增强A,2024-08-28,0.9133,0.9133,0,-0.39%,2025-12-18 16:46:09.639
019767,景顺长城科创50指数增强A,2024-08-29,0.9258,0.9258,0,1.37%,2025-12-18 16:46:09.639
019767,景顺长城科创50指数增强A,2024-08-30,0.9401,0.9401,0,1.54%,2025-12-18 16:46:09.639
019767,景顺长城科创50指数增强A,2024-09-02,0.9110,0.9110,0,-3.10%,2025-12-18 16:46:09.639
019767,景顺长城科创50指数增强A,2024-09-03,0.9173,0.9173,0,0.69%,2025-12-18 16:46:09.639
019767,景顺长城科创50指数增强A,2024-09-04,0.9145,0.9145,0,-0.31%,2025-12-18 16:46:09.639
019767,景顺长城科创50指数增强A,2024-09-05,0.9143,0.9143,0,-0.02%,2025-12-18 16:46:09.639
019767,景顺长城科创50指数增强A,2024-09-06,0.9020,0.9020,0,-1.35%,2025-12-18 16:46:09.639
019767,景顺长城科创50指数增强A,2024-09-09,0.8928,0.8928,0,-1.02%,2025-12-18 16:46:09.639
019767,景顺长城科创50指数增强A,2024-09-10,0.8998,0.8998,0,0.78%,2025-12-18 16:46:09.638
019767,景顺长城科创50指数增强A,2024-09-11,0.9055,0.9055,0,0.63%,2025-12-18 16:46:09.638
019767,景顺长城科创50指数增强A,2024-09-12,0.8983,0.8983,0,-0.80%,2025-12-18 16:46:09.638
019767,景顺长城科创50指数增强A,2024-09-13,0.8928,0.8928,0,-0.61%,2025-12-18 16:46:09.638
019767,景顺长城科创50指数增强A,2024-09-18,0.8839,0.8839,0,-1.00%,2025-12-18 16:46:09.638
019767,景顺长城科创50指数增强A,2024-09-19,0.8880,0.8880,0,0.46%,2025-12-18 16:46:09.638
019767,景顺长城科创50指数增强A,2024-09-20,0.8852,0.8852,0,-0.32%,2025-12-18 16:46:09.638
019767,景顺长城科创50指数增强A,2024-09-23,0.8788,0.8788,0,-0.72%,2025-12-18 16:46:08.737
019767,景顺长城科创50指数增强A,2024-09-24,0.9080,0.9080,0,3.32%,2025-12-18 16:46:08.737
019767,景顺长城科创50指数增强A,2024-09-25,0.9089,0.9089,0,0.10%,2025-12-18 16:46:08.736
019767,景顺长城科创50指数增强A,2024-09-26,0.9398,0.9398,0,3.40%,2025-12-18 16:46:08.736
019767,景顺长城科创50指数增强A,2024-09-27,0.9982,0.9982,0,6.21%,2025-12-18 16:46:08.736
019767,景顺长城科创50指数增强A,2024-09-30,1.1618,1.1618,0,16.39%,2025-12-18 16:46:08.736
019767,景顺长城科创50指数增强A,2024-10-08,1.3639,1.3639,0,17.40%,2025-12-18 16:46:08.736
019767,景顺长城科创50指数增强A,2024-10-09,1.3260,1.3260,0,-2.78%,2025-12-18 16:46:08.736
019767,景顺长城科创50指数增强A,2024-10-10,1.2672,1.2672,0,-4.43%,2025-12-18 16:46:08.736
019767,景顺长城科创50指数增强A,2024-10-11,1.1946,1.1946,0,-5.73%,2025-12-18 16:46:08.736
019767,景顺长城科创50指数增强A,2024-10-14,1.2299,1.2299,0,2.95%,2025-12-18 16:46:08.736
019767,景顺长城科创50指数增强A,2024-10-15,1.1972,1.1972,0,-2.66%,2025-12-18 16:46:08.736
019767,景顺长城科创50指数增强A,2024-10-16,1.1702,1.1702,0,-2.26%,2025-12-18 16:46:08.736
019767,景顺长城科创50指数增强A,2024-10-17,1.1739,1.1739,0,0.32%,2025-12-18 16:46:08.736
019767,景顺长城科创50指数增强A,2024-10-18,1.2934,1.2934,0,10.18%,2025-12-18 16:46:08.736
019767,景顺长城科创50指数增强A,2024-10-21,1.3166,1.3166,0,1.79%,2025-12-18 16:46:08.736
019767,景顺长城科创50指数增强A,2024-10-22,1.2995,1.2995,0,-1.30%,2025-12-18 16:46:08.736
019767,景顺长城科创50指数增强A,2024-10-23,1.2908,1.2908,0,-0.67%,2025-12-18 16:46:08.736
019767,景顺长城科创50指数增强A,2024-10-24,1.2880,1.2880,0,-0.22%,2025-12-18 16:46:08.735
019767,景顺长城科创50指数增强A,2024-10-25,1.3051,1.3051,0,1.33%,2025-12-18 16:46:08.735
019767,景顺长城科创50指数增强A,2024-10-28,1.3022,1.3022,0,-0.22%,2025-12-18 16:46:06.585
019767,景顺长城科创50指数增强A,2024-10-29,1.2909,1.2909,0,-0.87%,2025-12-18 16:46:06.585
019767,景顺长城科创50指数增强A,2024-10-30,1.2746,1.2746,0,-1.26%,2025-12-18 16:46:06.585
019767,景顺长城科创50指数增强A,2024-10-31,1.2908,1.2908,0,1.27%,2025-12-18 16:46:06.584
019767,景顺长城科创50指数增强A,2024-11-01,1.2512,1.2512,0,-3.07%,2025-12-18 16:46:06.584
019767,景顺长城科创50指数增强A,2024-11-04,1.2720,1.2720,0,1.66%,2025-12-18 16:46:06.584
019767,景顺长城科创50指数增强A,2024-11-05,1.3239,1.3239,0,4.08%,2025-12-18 16:46:06.584
019767,景顺长城科创50指数增强A,2024-11-06,1.3251,1.3251,0,0.09%,2025-12-18 16:46:06.584
019767,景顺长城科创50指数增强A,2024-11-07,1.3638,1.3638,0,2.92%,2025-12-18 16:46:06.584
019767,景顺长城科创50指数增强A,2024-11-08,1.3606,1.3606,0,-0.23%,2025-12-18 16:46:06.584
019767,景顺长城科创50指数增强A,2024-11-11,1.4216,1.4216,0,4.48%,2025-12-18 16:46:06.584
019767,景顺长城科创50指数增强A,2024-11-12,1.3924,1.3924,0,-2.05%,2025-12-18 16:46:06.584
019767,景顺长城科创50指数增强A,2024-11-13,1.4095,1.4095,0,1.23%,2025-12-18 16:46:06.584
019767,景顺长城科创50指数增强A,2024-11-14,1.3681,1.3681,0,-2.94%,2025-12-18 16:46:06.583
019767,景顺长城科创50指数增强A,2024-11-15,1.3195,1.3195,0,-3.55%,2025-12-18 16:46:06.583
019767,景顺长城科创50指数增强A,2024-11-18,1.2942,1.2942,0,-1.92%,2025-12-18 16:46:06.583
019767,景顺长城科创50指数增强A,2024-11-19,1.3310,1.3310,0,2.84%,2025-12-18 16:46:06.583
019767,景顺长城科创50指数增强A,2024-11-20,1.3403,1.3403,0,0.70%,2025-12-18 16:46:06.583
019767,景顺长城科创50指数增强A,2024-11-21,1.3537,1.3537,0,1.00%,2025-12-18 16:46:06.583
019767,景顺长城科创50指数增强A,2024-11-22,1.3018,1.3018,0,-3.83%,2025-12-18 16:46:06.583
019767,景顺长城科创50指数增强A,2024-11-25,1.2882,1.2882,0,-1.04%,2025-12-18 16:46:06.200
019767,景顺长城科创50指数增强A,2024-11-26,1.2818,1.2818,0,-0.50%,2025-12-18 16:46:06.200
019767,景顺长城科创50指数增强A,2024-11-27,1.3251,1.3251,0,3.38%,2025-12-18 16:46:06.199
019767,景顺长城科创50指数增强A,2024-11-28,1.3240,1.3240,0,-0.08%,2025-12-18 16:46:06.199
019767,景顺长城科创50指数增强A,2024-11-29,1.3549,1.3549,0,2.33%,2025-12-18 16:46:06.199
019767,景顺长城科创50指数增强A,2024-12-02,1.3674,1.3674,0,0.92%,2025-12-18 16:46:06.199
019767,景顺长城科创50指数增强A,2024-12-03,1.3555,1.3555,0,-0.87%,2025-12-18 16:46:06.199
019767,景顺长城科创50指数增强A,2024-12-04,1.3478,1.3478,0,-0.57%,2025-12-18 16:46:06.199
019767,景顺长城科创50指数增强A,2024-12-05,1.3558,1.3558,0,0.59%,2025-12-18 16:46:06.199
019767,景顺长城科创50指数增强A,2024-12-06,1.3689,1.3689,0,0.97%,2025-12-18 16:46:06.199
019767,景顺长城科创50指数增强A,2024-12-09,1.3561,1.3561,0,-0.94%,2025-12-18 16:46:06.199
019767,景顺长城科创50指数增强A,2024-12-10,1.3644,1.3644,0,0.61%,2025-12-18 16:46:06.199
019767,景顺长城科创50指数增强A,2024-12-11,1.3630,1.3630,0,-0.10%,2025-12-18 16:46:06.199
019767,景顺长城科创50指数增强A,2024-12-12,1.3715,1.3715,0,0.62%,2025-12-18 16:46:06.198
019767,景顺长城科创50指数增强A,2024-12-13,1.3476,1.3476,0,-1.74%,2025-12-18 16:46:06.198
019767,景顺长城科创50指数增强A,2024-12-16,1.3284,1.3284,0,-1.42%,2025-12-18 16:46:06.198
019767,景顺长城科创50指数增强A,2024-12-17,1.3164,1.3164,0,-0.90%,2025-12-18 16:46:06.198
019767,景顺长城科创50指数增强A,2024-12-18,1.3375,1.3375,0,1.60%,2025-12-18 16:46:06.198
019767,景顺长城科创50指数增强A,2024-12-19,1.3544,1.3544,0,1.26%,2025-12-18 16:46:06.198
019767,景顺长城科创50指数增强A,2024-12-20,1.3820,1.3820,0,2.04%,2025-12-18 16:46:06.198
019767,景顺长城科创50指数增强A,2024-12-23,1.3626,1.3626,0,-1.40%,2025-12-18 16:46:05.781
019767,景顺长城科创50指数增强A,2024-12-24,1.3811,1.3811,0,1.36%,2025-12-18 16:46:05.781
019767,景顺长城科创50指数增强A,2024-12-25,1.3847,1.3847,0,0.26%,2025-12-18 16:46:05.781
019767,景顺长城科创50指数增强A,2024-12-26,1.3920,1.3920,0,0.53%,2025-12-18 16:46:05.781
019767,景顺长城科创50指数增强A,2024-12-27,1.3778,1.3778,0,-1.02%,2025-12-18 16:46:05.781
019767,景顺长城科创50指数增强A,2024-12-30,1.3803,1.3803,0,0.18%,2025-12-18 16:46:05.780
019767,景顺长城科创50指数增强A,2024-12-31,1.3406,1.3406,0,-2.88%,2025-12-18 16:46:05.780
019767,景顺长城科创50指数增强A,2025-01-02,1.2970,1.2970,0,-3.25%,2025-12-18 16:46:05.780
019767,景顺长城科创50指数增强A,2025-01-03,1.2775,1.2775,0,-1.50%,2025-12-18 16:46:05.780
019767,景顺长城科创50指数增强A,2025-01-06,1.2751,1.2751,0,-0.19%,2025-12-18 16:46:05.780
019767,景顺长城科创50指数增强A,2025-01-07,1.3116,1.3116,0,2.86%,2025-12-18 16:46:05.780
019767,景顺长城科创50指数增强A,2025-01-08,1.3114,1.3114,0,-0.02%,2025-12-18 16:46:05.780
019767,景顺长城科创50指数增强A,2025-01-09,1.3078,1.3078,0,-0.27%,2025-12-18 16:46:05.780
019767,景顺长城科创50指数增强A,2025-01-10,1.2959,1.2959,0,-0.91%,2025-12-18 16:46:05.780
019767,景顺长城科创50指数增强A,2025-01-13,1.2971,1.2971,0,0.09%,2025-12-18 16:46:05.780
019767,景顺长城科创50指数增强A,2025-01-14,1.3363,1.3363,0,3.02%,2025-12-18 16:46:05.780
019767,景顺长城科创50指数增强A,2025-01-15,1.3321,1.3321,0,-0.31%,2025-12-18 16:46:05.780
019767,景顺长城科创50指数增强A,2025-01-16,1.3031,1.3031,0,-2.18%,2025-12-18 16:46:05.779
019767,景顺长城科创50指数增强A,2025-01-17,1.3177,1.3177,0,1.12%,2025-12-18 16:46:05.779
019767,景顺长城科创50指数增强A,2025-01-20,1.3220,1.3220,0,0.33%,2025-12-18 16:46:05.779
019767,景顺长城科创50指数增强A,2025-01-21,1.3303,1.3303,0,0.63%,2025-12-18 16:46:04.865
019767,景顺长城科创50指数增强A,2025-01-22,1.3284,1.3284,0,-0.14%,2025-12-18 16:46:04.865
019767,景顺长城科创50指数增强A,2025-01-23,1.3171,1.3171,0,-0.85%,2025-12-18 16:46:04.865
019767,景顺长城科创50指数增强A,2025-01-24,1.3302,1.3302,0,0.99%,2025-12-18 16:46:04.865
019767,景顺长城科创50指数增强A,2025-01-27,1.3052,1.3052,0,-1.88%,2025-12-18 16:46:04.864
019767,景顺长城科创50指数增强A,2025-02-05,1.3394,1.3394,0,2.62%,2025-12-18 16:46:04.864
019767,景顺长城科创50指数增强A,2025-02-06,1.3721,1.3721,0,2.44%,2025-12-18 16:46:04.864
019767,景顺长城科创50指数增强A,2025-02-07,1.3828,1.3828,0,0.78%,2025-12-18 16:46:04.864
019767,景顺长城科创50指数增强A,2025-02-10,1.4042,1.4042,0,1.55%,2025-12-18 16:46:04.864
019767,景顺长城科创50指数增强A,2025-02-11,1.3897,1.3897,0,-1.03%,2025-12-18 16:46:04.864
019767,景顺长城科创50指数增强A,2025-02-12,1.4101,1.4101,0,1.47%,2025-12-18 16:46:04.864
019767,景顺长城科创50指数增强A,2025-02-13,1.3775,1.3775,0,-2.31%,2025-12-18 16:46:04.864
019767,景顺长城科创50指数增强A,2025-02-14,1.3815,1.3815,0,0.29%,2025-12-18 16:46:04.864
019767,景顺长城科创50指数增强A,2025-02-17,1.4036,1.4036,0,1.60%,2025-12-18 16:46:04.864
019767,景顺长城科创50指数增强A,2025-02-18,1.3713,1.3713,0,-2.30%,2025-12-18 16:46:04.864
019767,景顺长城科创50指数增强A,2025-02-19,1.3996,1.3996,0,2.06%,2025-12-18 16:46:04.864
019767,景顺长城科创50指数增强A,2025-02-20,1.3976,1.3976,0,-0.14%,2025-12-18 16:46:04.863
019767,景顺长城科创50指数增强A,2025-02-21,1.4806,1.4806,0,5.94%,2025-12-18 16:46:04.863
019767,景顺长城科创50指数增强A,2025-02-24,1.4871,1.4871,0,0.44%,2025-12-18 16:46:04.863
019767,景顺长城科创50指数增强A,2025-02-25,1.4868,1.4868,0,-0.02%,2025-12-18 16:46:04.863
019767,景顺长城科创50指数增强A,2025-02-26,1.5130,1.5130,0,1.76%,2025-12-18 16:46:03.783
019767,景顺长城科创50指数增强A,2025-02-27,1.5117,1.5117,0,-0.09%,2025-12-18 16:46:03.783
019767,景顺长城科创50指数增强A,2025-02-28,1.4566,1.4566,0,-3.64%,2025-12-18 16:46:03.783
019767,景顺长城科创50指数增强A,2025-03-03,1.4370,1.4370,0,-1.35%,2025-12-18 16:46:03.783
019767,景顺长城科创50指数增强A,2025-03-04,1.4516,1.4516,0,1.02%,2025-12-18 16:46:03.782
019767,景顺长城科创50指数增强A,2025-03-05,1.4563,1.4563,0,0.32%,2025-12-18 16:46:03.782
019767,景顺长城科创50指数增强A,2025-03-06,1.5075,1.5075,0,3.52%,2025-12-18 16:46:03.782
019767,景顺长城科创50指数增强A,2025-03-07,1.4887,1.4887,0,-1.25%,2025-12-18 16:46:03.782
019767,景顺长城科创50指数增强A,2025-03-10,1.4852,1.4852,0,-0.24%,2025-12-18 16:46:03.782
019767,景顺长城科创50指数增强A,2025-03-11,1.4785,1.4785,0,-0.45%,2025-12-18 16:46:03.782
019767,景顺长城科创50指数增强A,2025-03-12,1.4693,1.4693,0,-0.62%,2025-12-18 16:46:03.782
019767,景顺长城科创50指数增强A,2025-03-13,1.4374,1.4374,0,-2.17%,2025-12-18 16:46:03.782
019767,景顺长城科创50指数增强A,2025-03-14,1.4613,1.4613,0,1.66%,2025-12-18 16:46:03.782
019767,景顺长城科创50指数增强A,2025-03-17,1.4528,1.4528,0,-0.58%,2025-12-18 16:46:03.782
019767,景顺长城科创50指数增强A,2025-03-18,1.4614,1.4614,0,0.59%,2025-12-18 16:46:03.781
019767,景顺长城科创50指数增强A,2025-03-19,1.4443,1.4443,0,-1.17%,2025-12-18 16:46:03.781
019767,景顺长城科创50指数增强A,2025-03-20,1.4310,1.4310,0,-0.92%,2025-12-18 16:46:03.781
019767,景顺长城科创50指数增强A,2025-03-21,1.4021,1.4021,0,-2.02%,2025-12-18 16:46:03.781
019767,景顺长城科创50指数增强A,2025-03-24,1.4036,1.4036,0,0.11%,2025-12-18 16:46:03.781
019767,景顺长城科创50指数增强A,2025-03-25,1.3871,1.3871,0,-1.18%,2025-12-18 16:46:03.781
019767,景顺长城科创50指数增强A,2025-03-26,1.3854,1.3854,0,-0.12%,2025-12-18 16:46:03.223
019767,景顺长城科创50指数增强A,2025-03-27,1.3980,1.3980,0,0.91%,2025-12-18 16:46:03.223
019767,景顺长城科创50指数增强A,2025-03-28,1.3838,1.3838,0,-1.02%,2025-12-18 16:46:03.223
019767,景顺长城科创50指数增强A,2025-03-31,1.3753,1.3753,0,-0.61%,2025-12-18 16:46:03.222
019767,景顺长城科创50指数增强A,2025-04-01,1.3788,1.3788,0,0.25%,2025-12-18 16:46:03.222
019767,景顺长城科创50指数增强A,2025-04-02,1.3773,1.3773,0,-0.11%,2025-12-18 16:46:03.222
019767,景顺长城科创50指数增强A,2025-04-03,1.3699,1.3699,0,-0.54%,2025-12-18 16:46:03.222
019767,景顺长城科创50指数增强A,2025-04-07,1.2440,1.2440,0,-9.19%,2025-12-18 16:46:03.222
019767,景顺长城科创50指数增强A,2025-04-08,1.2621,1.2621,0,1.45%,2025-12-18 16:46:03.222
019767,景顺长城科创50指数增强A,2025-04-09,1.3135,1.3135,0,4.07%,2025-12-18 16:46:03.222
019767,景顺长城科创50指数增强A,2025-04-10,1.3282,1.3282,0,1.12%,2025-12-18 16:46:03.222
019767,景顺长城科创50指数增强A,2025-04-11,1.3582,1.3582,0,2.26%,2025-12-18 16:46:03.222
019767,景顺长城科创50指数增强A,2025-04-14,1.3638,1.3638,0,0.41%,2025-12-18 16:46:03.222
019767,景顺长城科创50指数增强A,2025-04-15,1.3538,1.3538,0,-0.73%,2025-12-18 16:46:03.222
019767,景顺长城科创50指数增强A,2025-04-16,1.3626,1.3626,0,0.65%,2025-12-18 16:46:03.222
019767,景顺长城科创50指数增强A,2025-04-17,1.3660,1.3660,0,0.25%,2025-12-18 16:46:03.222
019767,景顺长城科创50指数增强A,2025-04-18,1.3573,1.3573,0,-0.64%,2025-12-18 16:46:03.221
019767,景顺长城科创50指数增强A,2025-04-21,1.3728,1.3728,0,1.14%,2025-12-18 16:46:03.221
019767,景顺长城科创50指数增强A,2025-04-22,1.3684,1.3684,0,-0.32%,2025-12-18 16:46:03.221
019767,景顺长城科创50指数增强A,2025-04-23,1.3637,1.3637,0,-0.34%,2025-12-18 16:46:03.221
019767,景顺长城科创50指数增强A,2025-04-24,1.3514,1.3514,0,-0.90%,2025-12-18 16:46:02.750
019767,景顺长城科创50指数增强A,2025-04-25,1.3530,1.3530,0,0.12%,2025-12-18 16:46:02.750
019767,景顺长城科创50指数增强A,2025-04-28,1.3517,1.3517,0,-0.10%,2025-12-18 16:46:02.750
019767,景顺长城科创50指数增强A,2025-04-29,1.3522,1.3522,0,0.04%,2025-12-18 16:46:02.750
019767,景顺长城科创50指数增强A,2025-04-30,1.3633,1.3633,0,0.82%,2025-12-18 16:46:02.750
019767,景顺长城科创50指数增强A,2025-05-06,1.3836,1.3836,0,1.49%,2025-12-18 16:46:02.750
019767,景顺长城科创50指数增强A,2025-05-07,1.3878,1.3878,0,0.30%,2025-12-18 16:46:02.750
019767,景顺长城科创50指数增强A,2025-05-08,1.3839,1.3839,0,-0.28%,2025-12-18 16:46:02.750
019767,景顺长城科创50指数增强A,2025-05-09,1.3588,1.3588,0,-1.81%,2025-12-18 16:46:02.750
019767,景顺长城科创50指数增强A,2025-05-12,1.3671,1.3671,0,0.61%,2025-12-18 16:46:02.750
019767,景顺长城科创50指数增强A,2025-05-13,1.3633,1.3633,0,-0.28%,2025-12-18 16:46:02.750
019767,景顺长城科创50指数增强A,2025-05-14,1.3671,1.3671,0,0.28%,2025-12-18 16:46:02.749
019767,景顺长城科创50指数增强A,2025-05-15,1.3490,1.3490,0,-1.32%,2025-12-18 16:46:02.749
019767,景顺长城科创50指数增强A,2025-05-16,1.3432,1.3432,0,-0.43%,2025-12-18 16:46:02.749
019767,景顺长城科创50指数增强A,2025-05-19,1.3445,1.3445,0,0.10%,2025-12-18 16:46:02.749
019767,景顺长城科创50指数增强A,2025-05-20,1.3483,1.3483,0,0.28%,2025-12-18 16:46:02.749
019767,景顺长城科创50指数增强A,2025-05-21,1.3446,1.3446,0,-0.27%,2025-12-18 16:46:02.749
019767,景顺长城科创50指数增强A,2025-05-22,1.3375,1.3375,0,-0.53%,2025-12-18 16:46:02.749
019767,景顺长城科创50指数增强A,2025-05-23,1.3257,1.3257,0,-0.88%,2025-12-18 16:46:02.749
019767,景顺长城科创50指数增强A,2025-05-26,1.3282,1.3282,0,0.19%,2025-12-18 16:46:02.749
019767,景顺长城科创50指数增强A,2025-05-27,1.3158,1.3158,0,-0.93%,2025-12-18 16:46:02.340
019767,景顺长城科创50指数增强A,2025-05-28,1.3127,1.3127,0,-0.24%,2025-12-18 16:46:02.340
019767,景顺长城科创50指数增强A,2025-05-29,1.3348,1.3348,0,1.68%,2025-12-18 16:46:02.340
019767,景顺长城科创50指数增强A,2025-05-30,1.3227,1.3227,0,-0.91%,2025-12-18 16:46:02.340
019767,景顺长城科创50指数增强A,2025-06-03,1.3297,1.3297,0,0.53%,2025-12-18 16:46:02.339
019767,景顺长城科创50指数增强A,2025-06-04,1.3352,1.3352,0,0.41%,2025-12-18 16:46:02.339
019767,景顺长城科创50指数增强A,2025-06-05,1.3552,1.3552,0,1.50%,2025-12-18 16:46:02.339
019767,景顺长城科创50指数增强A,2025-06-06,1.3506,1.3506,0,-0.34%,2025-12-18 16:46:02.339
019767,景顺长城科创50指数增强A,2025-06-09,1.3601,1.3601,0,0.70%,2025-12-18 16:46:02.339
019767,景顺长城科创50指数增强A,2025-06-10,1.3366,1.3366,0,-1.73%,2025-12-18 16:46:02.339
019767,景顺长城科创50指数增强A,2025-06-11,1.3345,1.3345,0,-0.16%,2025-12-18 16:46:02.339
019767,景顺长城科创50指数增强A,2025-06-12,1.3325,1.3325,0,-0.15%,2025-12-18 16:46:02.339
019767,景顺长城科创50指数增强A,2025-06-13,1.3264,1.3264,0,-0.46%,2025-12-18 16:46:02.339
019767,景顺长城科创50指数增强A,2025-06-16,1.3262,1.3262,0,-0.02%,2025-12-18 16:46:02.339
019767,景顺长城科创50指数增强A,2025-06-17,1.3154,1.3154,0,-0.81%,2025-12-18 16:46:02.339
019767,景顺长城科创50指数增强A,2025-06-18,1.3219,1.3219,0,0.49%,2025-12-18 16:46:02.339
019767,景顺长城科创50指数增强A,2025-06-19,1.3156,1.3156,0,-0.48%,2025-12-18 16:46:02.339
019767,景顺长城科创50指数增强A,2025-06-20,1.3095,1.3095,0,-0.46%,2025-12-18 16:46:02.338
019767,景顺长城科创50指数增强A,2025-06-23,1.3151,1.3151,0,0.43%,2025-12-18 16:46:02.338
019767,景顺长城科创50指数增强A,2025-06-24,1.3395,1.3395,0,1.86%,2025-12-18 16:46:02.338
019767,景顺长城科创50指数增强A,2025-06-25,1.3600,1.3600,0,1.53%,2025-12-18 16:46:01.493
019767,景顺长城科创50指数增强A,2025-06-26,1.3529,1.3529,0,-0.52%,2025-12-18 16:46:01.492
019767,景顺长城科创50指数增强A,2025-06-27,1.3485,1.3485,0,-0.33%,2025-12-18 16:46:01.492
019767,景顺长城科创50指数增强A,2025-06-30,1.3701,1.3701,0,1.60%,2025-12-18 16:46:01.492
019767,景顺长城科创50指数增强A,2025-07-01,1.3581,1.3581,0,-0.88%,2025-12-18 02:47:13.857
019767,景顺长城科创50指数增强A,2025-07-02,1.3410,1.3410,0,-1.26%,2025-12-18 02:47:13.857
019767,景顺长城科创50指数增强A,2025-07-03,1.3444,1.3444,0,0.25%,2025-12-18 02:47:13.857
019767,景顺长城科创50指数增强A,2025-07-04,1.3429,1.3429,0,-0.11%,2025-12-18 02:47:13.857
019767,景顺长城科创50指数增强A,2025-07-07,1.3357,1.3357,0,-0.54%,2025-12-18 02:47:13.857
019767,景顺长城科创50指数增强A,2025-07-08,1.3527,1.3527,0,1.27%,2025-12-18 02:47:13.857
019767,景顺长城科创50指数增强A,2025-07-09,1.3412,1.3412,0,-0.85%,2025-12-18 02:47:13.857
019767,景顺长城科创50指数增强A,2025-07-10,1.3373,1.3373,0,-0.29%,2025-12-18 02:47:13.857
019767,景顺长城科创50指数增强A,2025-07-11,1.3579,1.3579,0,1.54%,2025-12-18 02:47:13.857
019767,景顺长城科创50指数增强A,2025-07-14,1.3551,1.3551,0,-0.21%,2025-12-18 02:47:13.857
019767,景顺长城科创50指数增强A,2025-07-15,1.3605,1.3605,0,0.40%,2025-12-18 02:47:13.857
019767,景顺长城科创50指数增强A,2025-07-16,1.3626,1.3626,0,0.15%,2025-12-18 02:47:13.857
019767,景顺长城科创50指数增强A,2025-07-17,1.3738,1.3738,0,0.82%,2025-12-18 02:47:13.857
019767,景顺长城科创50指数增强A,2025-07-18,1.3768,1.3768,0,0.22%,2025-12-18 02:47:13.857
019767,景顺长城科创50指数增强A,2025-07-21,1.3804,1.3804,0,0.26%,2025-12-18 02:47:13.857
019767,景顺长城科创50指数增强A,2025-07-22,1.3896,1.3896,0,0.67%,2025-12-18 02:47:13.857
019767,景顺长城科创50指数增强A,2025-07-23,1.3960,1.3960,0,0.46%,2025-12-18 02:47:13.726
019767,景顺长城科创50指数增强A,2025-07-24,1.4112,1.4112,0,1.09%,2025-12-18 02:47:13.726
019767,景顺长城科创50指数增强A,2025-07-25,1.4398,1.4398,0,2.03%,2025-12-18 02:47:13.726
019767,景顺长城科创50指数增强A,2025-07-28,1.4418,1.4418,0,0.14%,2025-12-18 02:47:13.726
019767,景顺长城科创50指数增强A,2025-07-29,1.4589,1.4589,0,1.19%,2025-12-18 02:47:13.726
019767,景顺长城科创50指数增强A,2025-07-30,1.4448,1.4448,0,-0.97%,2025-12-18 02:47:13.726
019767,景顺长城科创50指数增强A,2025-07-31,1.4336,1.4336,0,-0.78%,2025-12-18 02:47:13.726
019767,景顺长城科创50指数增强A,2025-08-01,1.4214,1.4214,0,-0.85%,2025-12-18 02:47:13.726
019767,景顺长城科创50指数增强A,2025-08-04,1.4405,1.4405,0,1.34%,2025-12-18 02:47:13.726
019767,景顺长城科创50指数增强A,2025-08-05,1.4458,1.4458,0,0.37%,2025-12-18 02:47:13.726
019767,景顺长城科创50指数增强A,2025-08-06,1.4544,1.4544,0,0.59%,2025-12-18 02:47:13.726
019767,景顺长城科创50指数增强A,2025-08-07,1.4531,1.4531,0,-0.09%,2025-12-18 02:47:13.726
019767,景顺长城科创50指数增强A,2025-08-08,1.4355,1.4355,0,-1.21%,2025-12-18 02:47:13.726
019767,景顺长城科创50指数增强A,2025-08-11,1.4460,1.4460,0,0.73%,2025-12-18 02:47:13.726
019767,景顺长城科创50指数增强A,2025-08-12,1.4731,1.4731,0,1.87%,2025-12-18 02:47:13.726
019767,景顺长城科创50指数增强A,2025-08-13,1.4858,1.4858,0,0.86%,2025-12-18 02:47:13.726
019767,景顺长城科创50指数增强A,2025-08-14,1.4945,1.4945,0,0.59%,2025-12-18 02:47:13.726
019767,景顺长城科创50指数增强A,2025-08-15,1.5175,1.5175,0,1.54%,2025-12-18 02:47:13.726
019767,景顺长城科创50指数增强A,2025-08-18,1.5454,1.5454,0,1.84%,2025-12-18 02:47:13.726
019767,景顺长城科创50指数增强A,2025-08-19,1.5293,1.5293,0,-1.04%,2025-12-18 02:47:13.725
019767,景顺长城科创50指数增强A,2025-08-20,1.5737,1.5737,0,2.90%,2025-12-18 02:47:13.557
019767,景顺长城科创50指数增强A,2025-08-21,1.5736,1.5736,0,-0.01%,2025-12-18 02:47:13.557
019767,景顺长城科创50指数增强A,2025-08-22,1.6888,1.6888,0,7.32%,2025-12-18 02:47:13.557
019767,景顺长城科创50指数增强A,2025-08-25,1.7311,1.7311,0,2.50%,2025-12-18 02:47:13.557
019767,景顺长城科创50指数增强A,2025-08-26,1.7158,1.7158,0,-0.88%,2025-12-18 02:47:13.557
019767,景顺长城科创50指数增强A,2025-08-27,1.7164,1.7164,0,0.03%,2025-12-18 02:47:13.557
019767,景顺长城科创50指数增强A,2025-08-28,1.8169,1.8169,0,5.86%,2025-12-18 02:47:13.557
019767,景顺长城科创50指数增强A,2025-08-29,1.7944,1.7944,0,-1.24%,2025-12-18 02:47:13.557
019767,景顺长城科创50指数增强A,2025-09-01,1.8179,1.8179,0,1.31%,2025-12-18 02:47:13.557
019767,景顺长城科创50指数增强A,2025-09-02,1.7748,1.7748,0,-2.37%,2025-12-18 02:47:13.557
019767,景顺长城科创50指数增强A,2025-09-03,1.7504,1.7504,0,-1.37%,2025-12-18 02:47:13.557
019767,景顺长城科创50指数增强A,2025-09-04,1.6414,1.6414,0,-6.23%,2025-12-18 02:47:13.557
019767,景顺长城科创50指数增强A,2025-09-05,1.7025,1.7025,0,3.72%,2025-12-18 02:47:13.557
019767,景顺长城科创50指数增强A,2025-09-08,1.7179,1.7179,0,0.90%,2025-12-18 02:47:13.557
019767,景顺长城科创50指数增强A,2025-09-09,1.6840,1.6840,0,-1.97%,2025-12-18 02:47:13.557
019767,景顺长城科创50指数增强A,2025-09-10,1.7004,1.7004,0,0.97%,2025-12-18 02:47:13.557
019767,景顺长城科创50指数增强A,2025-09-11,1.7822,1.7822,0,4.81%,2025-12-18 02:47:13.557
019767,景顺长城科创50指数增强A,2025-09-12,1.7946,1.7946,0,0.70%,2025-12-18 02:47:13.557
019767,景顺长城科创50指数增强A,2025-09-15,1.7990,1.7990,0,0.25%,2025-12-18 02:47:13.557
019767,景顺长城科创50指数增强A,2025-09-16,1.8222,1.8222,0,1.29%,2025-12-18 02:47:13.556
019767,景顺长城科创50指数增强A,2025-09-17,1.8417,1.8417,0,1.07%,2025-12-18 02:47:13.351
019767,景顺长城科创50指数增强A,2025-09-18,1.8558,1.8558,0,0.77%,2025-12-18 02:47:13.351
019767,景顺长城科创50指数增强A,2025-09-19,1.8343,1.8343,0,-1.16%,2025-12-18 02:47:13.351
019767,景顺长城科创50指数增强A,2025-09-22,1.8915,1.8915,0,3.12%,2025-12-18 02:47:13.351
019767,景顺长城科创50指数增强A,2025-09-23,1.8894,1.8894,0,-0.11%,2025-12-18 02:47:13.351
019767,景顺长城科创50指数增强A,2025-09-24,1.9508,1.9508,0,3.25%,2025-12-18 02:47:13.351
019767,景顺长城科创50指数增强A,2025-09-25,1.9738,1.9738,0,1.18%,2025-12-18 02:47:13.351
019767,景顺长城科创50指数增强A,2025-09-26,1.9467,1.9467,0,-1.37%,2025-12-18 02:47:13.351
019767,景顺长城科创50指数增强A,2025-09-29,1.9708,1.9708,0,1.24%,2025-12-18 02:47:13.351
019767,景顺长城科创50指数增强A,2025-09-30,2.0031,2.0031,0,1.64%,2025-12-18 02:47:13.351
019767,景顺长城科创50指数增强A,2025-10-09,2.0493,2.0493,0,2.31%,2025-12-18 02:47:13.351
019767,景顺长城科创50指数增强A,2025-10-10,1.9466,1.9466,0,-5.01%,2025-12-18 02:47:13.351
019767,景顺长城科创50指数增强A,2025-10-13,1.9705,1.9705,0,1.23%,2025-12-18 02:47:13.351
019767,景顺长城科创50指数增强A,2025-10-14,1.8904,1.8904,0,-4.06%,2025-12-18 02:47:13.351
019767,景顺长城科创50指数增强A,2025-10-15,1.9190,1.9190,0,1.51%,2025-12-18 02:47:13.351
019767,景顺长城科创50指数增强A,2025-10-16,1.9011,1.9011,0,-0.93%,2025-12-18 02:47:13.351
019767,景顺长城科创50指数增强A,2025-10-17,1.8354,1.8354,0,-3.46%,2025-12-18 02:47:13.351
019767,景顺长城科创50指数增强A,2025-10-20,1.8465,1.8465,0,0.60%,2025-12-18 02:47:13.351
019767,景顺长城科创50指数增强A,2025-10-21,1.8976,1.8976,0,2.77%,2025-12-18 02:47:13.351
019767,景顺长城科创50指数增强A,2025-10-22,1.8990,1.8990,0,0.07%,2025-12-18 02:47:13.351
019767,景顺长城科创50指数增强A,2025-10-23,1.8938,1.8938,0,-0.27%,2025-12-18 02:47:13.168
019767,景顺长城科创50指数增强A,2025-10-24,1.9755,1.9755,0,4.31%,2025-12-18 02:47:13.168
019767,景顺长城科创50指数增强A,2025-10-27,2.0031,2.0031,0,1.40%,2025-12-18 02:47:13.168
019767,景顺长城科创50指数增强A,2025-10-28,1.9887,1.9887,0,-0.72%,2025-12-18 02:47:13.168
019767,景顺长城科创50指数增强A,2025-10-29,2.0067,2.0067,0,0.91%,2025-12-18 02:47:13.168
019767,景顺长城科创50指数增强A,2025-10-30,1.9699,1.9699,0,-1.83%,2025-12-18 02:47:13.168
019767,景顺长城科创50指数增强A,2025-10-31,1.9156,1.9156,0,-2.76%,2025-12-18 02:47:13.168
019767,景顺长城科创50指数增强A,2025-11-03,1.8933,1.8933,0,-1.16%,2025-12-18 02:47:13.168
019767,景顺长城科创50指数增强A,2025-11-04,1.8770,1.8770,0,-0.86%,2025-12-18 02:47:13.168
019767,景顺长城科创50指数增强A,2025-11-05,1.8780,1.8780,0,0.05%,2025-12-18 02:47:13.168
019767,景顺长城科创50指数增强A,2025-11-06,1.9397,1.9397,0,3.29%,2025-12-18 02:47:13.168
019767,景顺长城科创50指数增强A,2025-11-07,1.9125,1.9125,0,-1.40%,2025-12-18 02:47:13.168
019767,景顺长城科创50指数增强A,2025-11-10,1.9000,1.9000,0,-0.65%,2025-12-18 02:47:13.168
019767,景顺长城科创50指数增强A,2025-11-11,1.8736,1.8736,0,-1.39%,2025-12-18 02:47:13.168
019767,景顺长城科创50指数增强A,2025-11-12,1.8705,1.8705,0,-0.17%,2025-12-18 02:47:13.168
019767,景顺长城科创50指数增强A,2025-11-13,1.8934,1.8934,0,1.22%,2025-12-18 02:47:13.168
019767,景顺长城科创50指数增强A,2025-11-14,1.8477,1.8477,0,-2.41%,2025-12-18 02:47:13.168
019767,景顺长城科创50指数增强A,2025-11-17,1.8354,1.8354,0,-0.67%,2025-12-18 02:47:13.168
019767,景顺长城科创50指数增强A,2025-11-18,1.8442,1.8442,0,0.48%,2025-12-18 02:47:13.168
019767,景顺长城科创50指数增强A,2025-11-19,1.8262,1.8262,0,-0.98%,2025-12-18 02:47:13.168
019767,景顺长城科创50指数增强A,2025-11-20,1.8057,1.8057,0,-1.12%,2025-12-18 02:47:13.014
019767,景顺长城科创50指数增强A,2025-11-21,1.7481,1.7481,0,-3.19%,2025-12-18 02:47:13.014
019767,景顺长城科创50指数增强A,2025-11-24,1.7614,1.7614,0,0.76%,2025-12-18 02:47:13.014
019767,景顺长城科创50指数增强A,2025-11-25,1.7727,1.7727,0,0.64%,2025-12-18 02:47:13.014
019767,景顺长城科创50指数增强A,2025-11-26,1.7907,1.7907,0,1.02%,2025-12-18 02:47:13.014
019767,景顺长城科创50指数增强A,2025-11-27,1.7880,1.7880,0,-0.15%,2025-12-18 02:47:13.014
019767,景顺长城科创50指数增强A,2025-11-28,1.8095,1.8095,0,1.20%,2025-12-18 02:47:13.014
019767,景顺长城科创50指数增强A,2025-12-01,1.8215,1.8215,0,0.66%,2025-12-18 02:47:13.014
019767,景顺长城科创50指数增强A,2025-12-02,1.8009,1.8009,0,-1.13%,2025-12-18 02:47:13.014
019767,景顺长城科创50指数增强A,2025-12-03,1.7842,1.7842,0,-0.93%,2025-12-18 02:47:13.014
019767,景顺长城科创50指数增强A,2025-12-04,1.8068,1.8068,0,1.27%,2025-12-18 02:47:13.014
019767,景顺长城科创50指数增强A,2025-12-05,1.8117,1.8117,0,0.27%,2025-12-18 02:47:13.014
019767,景顺长城科创50指数增强A,2025-12-08,1.8462,1.8462,0,1.90%,2025-12-18 02:47:13.014
019767,景顺长城科创50指数增强A,2025-12-09,1.8422,1.8422,0,-0.22%,2025-12-18 02:47:13.014
019767,景顺长城科创50指数增强A,2025-12-10,1.8407,1.8407,0,-0.08%,2025-12-18 02:47:13.014
019767,景顺长城科创50指数增强A,2025-12-11,1.8114,1.8114,0,-1.59%,2025-12-18 02:47:13.014
019767,景顺长城科创50指数增强A,2025-12-12,1.8376,1.8376,0,1.45%,2025-12-18 02:47:13.014
019767,景顺长城科创50指数增强A,2025-12-15,1.8019,1.8019,0,-1.94%,2025-12-18 02:47:13.014
019767,景顺长城科创50指数增强A,2025-12-16,1.7693,1.7693,0,-1.81%,2025-12-18 02:47:13.014
019767,景顺长城科创50指数增强A,2025-12-17,1.8101,1.8101,0,2.31%,2025-12-18 02:47:13.014
019767,景顺长城科创50指数增强A,2025-12-18,1.7888,1.7888,0,-1.18%,2025-12-18 22:26:49.266
